{"0": {"SA": {"hyperparams": [0.01, false], "cindex": 0.8021252834275272, "ibs": 0.117549626062871, "mae_uncensored": 1069.9640488466625, "mae_hinge": 579.577262739731}, "LambdaSA": {"hyperparams": [0.1, 10], "cindex": 0.7898067616501404, "ibs": 0.13638085004620454, "mae_uncensored": 1183.1125064404382, "mae_hinge": 748.7363757981155}, "DeepLambdaSA": {"hyperparams": [0.1, 0.001, 0], "cindex": 0.7141358421604792, "ibs": 0.2574145401954291, "mae_uncensored": 794.0560013181397, "mae_hinge": 1148.8004507322914}}}