{"ci": 0.768076109936575, "bs": 0.15385806560516357}