{"ci": 0.7454764776839565, "bs": 0.16432225704193115}