{"ci": 0.7843996494303243, "bs": 0.1716134399175644}