{"ci": 0.9218604651162791, "bs": 0.12266023457050323}